# CE5 leaf -> CE6 twin page id (official catalogs, title-matched)
ACCEL	aa452837	ee505100
ASSERT	aa451037	ee488166
ASSERTMSG	aa451039	ee488600
AbnormalTermination	aa450784	ee488043
AbortDoc	aa452835	ee503766
AbortProc	aa452836	ee505034
ActivateKeyboardLayout	aa452845	ee504519
AdjustWindowRectEx	aa452849	ee506242
AlphaBlend	aa452850	ee501410
AppendMenu	aa452862	ee502212
BITMAP	aa452880	ee503208
BITMAPCOREHEADER	aa452881	ee502290
BITMAPCOREINFO	aa452882	ee505513
BITMAPFILEHEADER	aa452883	ee500466
BITMAPINFO	aa452884	ee500572
BITMAPINFOHEADER	aa452885	ee499706
BLENDFUNCTION	aa452889	ee506302
BM_CLICK	aa452890	ee505041
BM_GETCHECK	aa452891	ee503368
BM_GETSTATE	aa452892	ee503612
BM_SETCHECK	aa452893	ee503955
BM_SETSTATE	aa452894	ee500163
BM_SETSTYLE	aa452895	ee503911
BN_CLICKED	aa452896	ee500278
BN_KILLFOCUS	aa452897	ee505714
BN_SETFOCUS	aa452898	ee502311
BY_HANDLE_FILE_INFORMATION	aa516973	ee490365
Basic Common Control Styles	aa452868	ee504838
Basic Window Styles	aa452869	ee504355
BeginDeferWindowPos	aa452870	ee501388
BeginPaint	aa452871	ee505465
Binary Raster Operations	aa452878	ee499662
BitBlt	aa452879	ee501981
BringWindowToTop	aa452899	ee504610
CBN_CLOSEUP	ms908046	ee505701
CBN_DBLCLK	ms908047	ee504863
CBN_DROPDOWN	ms908049	ee500915
CBN_EDITCHANGE	ms908050	ee504383
CBN_EDITUPDATE	ms908051	ee500255
CBN_ERRSPACE	ms908053	ee505434
CBN_KILLFOCUS	ms908054	ee504006
CBN_SELCHANGE	ms908055	ee506091
CBN_SELENDCANCEL	ms908056	ee505669
CBN_SELENDOK	ms908057	ee499428
CBN_SETFOCUS	ms908058	ee502531
CB_ADDSTRING	aa452924	ee501454
CB_DELETESTRING	aa452925	ee500187
CB_FINDSTRING	aa452926	ee500894
CB_FINDSTRINGEXACT	aa452927	ee501926
CB_GETCOMBOBOXINFO	aa452928	ee500450
CB_GETCOUNT	ms939290	ee499337
CB_GETCURSEL	ms939382	ee504632
CB_GETDROPPEDCONTROLRECT	ms928334	ee501948
CB_GETDROPPEDSTATE	ms928340	ee501436
CB_GETDROPPEDWIDTH	ms928343	ee501971
CB_GETEDITSEL	ms928352	ee504104
CB_GETEXTENDEDUI	ms928359	ee500833
CB_GETHORIZONTALEXTENT	ms928366	ee504303
CB_GETITEMDATA	ms928374	ee502260
CB_GETITEMHEIGHT	ms928376	ee505512
CB_GETLBTEXT	ms928386	ee504874
CB_GETLBTEXTLEN	ms928395	ee506050
CB_GETLOCALE	ms907898	ee501921
CB_GETTOPINDEX	ms907963	ee502609
CB_INITSTORAGE	ms908027	ee502278
CB_INSERTSTRING	ms908036	ee500754
CB_LIMITTEXT	ms908045	ee502903
CB_RESETCONTENT	ms908059	ee499056
CB_SELECTSTRING	ms908060	ee505850
CB_SETCURSEL	ms908061	ee501397
CB_SETDROPPEDWIDTH	ms908062	ee502560
CB_SETEDITSEL	ms908063	ee505493
CB_SETEXTENDEDUI	ms908064	ee499715
CB_SETHORIZONTALEXTENT	ms908065	ee501076
CB_SETITEMDATA	ms908066	ee502898
CB_SETITEMHEIGHT	ms908067	ee504645
CB_SETLOCALE	ms908068	ee503487
CB_SETTOPINDEX	ms908069	ee499036
CB_SHOWDROPDOWN	ms908070	ee504102
CEDIRINFO	aa517001	ee490596
CEFILEINFO	aa517101	ee490784
CEL_CRITSEC_DELETE	ms885146	ee488553
CEL_CRITSEC_ENTER	aa450798	ee488566
CEL_CRITSEC_INIT	ms885147	ee488206
CEL_CRITSEC_LEAVE	aa450799	ee488179
CEL_DATA_LOSS	aa450800	ee487975
CEL_DEBUG_MSG	aa451045	ee488213
CEL_EVENT_CLOSE	aa450801	ee488190
CEL_EVENT_CREATE	aa450802	ee488634
CEL_EVENT_DELETE	aa450803	ee487946
CEL_EVENT_PULSE	aa450804	ee487956
CEL_EVENT_RESET	aa450805	ee488006
CEL_EVENT_SET	aa450806	ee488633
CEL_EXTRA_MODULE_INFO	ms885148	ee488774
CEL_EXTRA_PROCESS_INFO	ms885149	ee487961
CEL_HEADER	aa450807	ee488389
CEL_HEAP_ALLOC	aa450808	ee488571
CEL_HEAP_CREATE	aa450809	ee488643
CEL_HEAP_DESTROY	aa450810	ee488212
CEL_HEAP_FREE	aa450811	ee488360
CEL_HEAP_REALLOC	aa450812	ee488647
CEL_INTERRUPTS	aa450814	ee488029
CEL_INT_DATA	aa450813	ee488210
CEL_LOG_MARKER	aa450815	ee488782
CEL_MAPFILE_CREATE	aa451047	ee488044
CEL_MAPFILE_DESTROY	aa451049	ee488760
CEL_MAPFILE_FLUSH	aa451051	ee488425
CEL_MAPFILE_VIEW_CLOSE	aa451053	ee488589
CEL_MAPFILE_VIEW_OPEN	aa451055	ee488407
CEL_MAPFLUSH_TYPE	aa451058	ee488396
CEL_MEMTRACK_BASELINE	aa450816	ee488775
CEL_MODULE_FREE	aa450817	ee488936
CEL_MODULE_LOAD	aa450818	ee488239
CEL_MODULE_REFERENCES	ms885150	ee488559
CEL_MUTEX_CLOSE	aa450819	ee488015
CEL_MUTEX_CREATE	aa450820	ee488397
CEL_MUTEX_DELETE	aa450821	ee488359
CEL_MUTEX_RELEASE	aa450822	ee488424
CEL_PROCESS_CLOSE	aa450829	ee488224
CEL_PROCESS_CREATE	aa450830	ee488001
CEL_PROCESS_DELETE	ms884894	ee488598
CEL_PROCESS_REFCOUNT	ms885151	ee488217
CEL_PROCESS_TERMINATE	ms884998	ee488226
CEL_SEM_CLOSE	ms885107	ee488602
CEL_SEM_CREATE	ms885117	ee488759
CEL_SEM_DELETE	ms885125	ee488905
CEL_SEM_RELEASE	ms885126	ee488788
CEL_SLEEP	ms885127	ee488597
CEL_SYSTEM_INVERT	ms885128	ee488594
CEL_SYSTEM_PAGE	ms885129	ee487952
CEL_SYSTEM_TLB	ms885130	ee488790
CEL_THREAD_CLOSE	ms885131	ee488935
CEL_THREAD_CREATE	ms885132	ee488018
CEL_THREAD_DELETE	ms885133	ee488229
CEL_THREAD_MIGRATE	ms885134	ee488371
CEL_THREAD_PRIORITY	ms885135	ee488628
CEL_THREAD_QUANTUM	ms885136	ee488198
CEL_THREAD_RESUME	ms885137	ee488584
CEL_THREAD_SUSPEND	ms885138	ee488420
CEL_THREAD_SWITCH	ms885139	ee488435
CEL_THREAD_TERMINATE	ms885140	ee488411
CEL_VIRTUAL_ALLOC	ms885141	ee488395
CEL_VIRTUAL_COPY	ms885142	ee488194
CEL_VIRTUAL_FREE	ms885143	ee488195
CEL_WAIT_MULTI	ms885145	ee488914
CERTSRV Error Codes	aa451023	ee488175
CE_NOTIFICATION_INFO_HEADER	ms908082	ee505719
CE_NOTIFICATION_TRIGGER	ms908083	ee506153
CE_USER_NOTIFICATION	ms908106	ee505252
CHARSETINFO	ms885163	ee488442
COLORREF	ms928589	ee505694
COMBOBOXINFO	ms928818	ee505276
COMMPROP	ms885170	ee488214
COMMTIMEOUTS	ms885171	ee488247
COMSTAT	ms885173	ee488223
CONTEXT	ms885174	ee488930
CPINFO	ms904717	ee490975
CREATESTRUCT	ms908189	ee505636
CREATE_PROCESS_DEBUG_INFO	ms885183	ee487965
CREATE_THREAD_DEBUG_INFO	ms885187	ee488441
CRYPT Error Codes	aa451026	ee488560
CURRENCYFMT	ms904720	ee490960
CallWindowProc	aa452919	ee499393
CeClearUserNotification	ms908074	ee506252
CeFindCloseRegChange	aa517103	ee490235
CeFindFirstRegChange	aa517116	ee489978
CeFindNextRegChange	aa517123	ee490027
CeGenRandom	aa517140	ee490181
CeGetCallerTrust	aa450792	ee488579
CeGetCanonicalPathName	aa517144	ee490595
CeGetFileNotificationInfo	aa517158	ee489582
CeGetThreadPriority	aa450795	ee488181
CeGetThreadQuantum	aa450796	ee488423
CeGetUserNotification	ms908076	ee505678
CeGetUserNotificationHandles	ms908077	ee499694
CeGetUserNotificationPreferences	ms908078	ee503893
CeHandleAppNotifications	ms908079	ee499110
CeHeapCreate	aa450797	ee488377
CeLog Event Identifiers	aa450677	ee487955
CeLog Event Tracking Functions	aa450679	-
CeLog Event Tracking Macros	aa451019	ee487967
CeLog Event Tracking Structures	aa450698	-
CeLog Pre-Defined Data Types	aa451021	ee488011
CeLog Zones	aa450700	ee488414
CeLogData	aa450823	ee488639
CeLogGetZones	aa450824	ee488351
CeLogInterrupt	aa451043	ee488562
CeLogMsg	aa450825	ee488366
CeLogQueryZones	aa450826	ee488630
CeLogReSync	aa450827	ee488638
CeLogSetZones	aa450828	ee487969
CeRunAppAtEvent	ms908102	ee504578
CeRunAppAtTime	ms908103	ee506251
CeSetThreadPriority	ms885155	ee488041
CeSetThreadQuantum	ms885156	ee488622
CeSetUserNotification	ms908104	ee501051
CeSetUserNotificationEx	ms908105	ee501928
CeZeroPointer	ms885158	ee488151
ChangeDisplaySettingsEx	ms908108	ee505713
CharLower	ms885159	ee488761
CharLowerBuff	ms885160	ee488766
CharNext	ms885161	ee488221
CharPrev	ms885162	ee488364
CharUpper	ms885164	ee488230
CharUpperBuff	ms885165	ee488447
Check Box Styles	ms928572	ee504569
CheckDlgButton	ms928573	ee499366
CheckMenuItem	ms928575	ee499672
CheckMenuRadioItem	ms928576	ee502246
CheckRadioButton	ms928577	ee500159
ChildWindowFromPoint	ms928578	ee504384
ClearCommBreak	ms885166	ee488216
ClearCommError	ms885167	ee488605
ClientToScreen	ms928584	ee505933
CloseClipboard	ms928586	ee499346
CloseHandle	aa517300	ee490442
CloseMsgQueue	ms885168	ee488787
CloseToolhelp32Snapshot	ms885169	ee488394
Code Pages	ms903783	ee491782
CombineRgn	ms928608	ee504827
Combo Box Styles	ms908112	ee501099
CompareFileTime	ms885172	ee488173
CompareString	ms904713	ee492131
ContinueDebugEvent	ms885175	ee488380
ConvertDefaultLocale	ms904716	ee491548
ConvertThreadToFiber	ms885176	ee488149
CopyFile	aa517309	ee490577
CopyFileEx	aa517311	ee490791
CopyRect	ms908152	ee500892
CountClipboardFormats	ms908153	ee499055
CreateAcceleratorTable	ms908162	ee505096
CreateBitmap	ms908163	ee505308
CreateCaret	ms908164	ee502564
CreateCompatibleBitmap	ms908165	ee505724
CreateCompatibleDC	ms908166	ee504853
CreateDC	ms908168	ee500930
CreateDIBPatternBrushPt	ms908173	ee501785
CreateDIBSection	ms908174	ee502255
CreateDialog	ms908169	ee502874
CreateDialogIndirect	ms908170	ee504589
CreateDialogIndirectParam	ms908171	ee504612
CreateDialogParam	ms908172	ee503494
CreateDirectory	aa517316	ee490797
CreateEvent	ms885177	ee488008
CreateFiber	ms885178	ee488035
CreateFile	aa517318	ee490417
CreateFileForMapping	aa517321	ee489638
CreateFileMapping	aa517331	ee490172
CreateHandler	ms885179	ee488445
CreateIconIndirect	ms908175	ee503639
CreateMenu	ms908177	ee503486
CreateMsgQueue	ms885180	ee488163
CreateMutex	ms885181	ee488798
CreatePalette (GDI)	ms908178	ee502315
CreatePatternBrush	ms908179	ee503397
CreatePen	ms908180	ee501713
CreatePenIndirect	ms908181	ee500189
CreatePopupMenu	ms908182	ee502545
CreateProcess	ms885182	ee488927
CreateRectRgn	ms908184	ee503633
CreateRectRgnIndirect	ms908185	ee505867
CreateSemaphore	ms885184	ee488431
CreateSolidBrush	ms908187	ee501459
CreateThread	ms885186	ee488162
CreateTicket	ms885188	ee488031
CreateToolhelp32Snapshot	ms885189	ee487995
CreateWindow	ms908192	ee500617
CreateWindowEx	ms908193	ee503435
DBGPARAM	aa451060	ee487951
DCB	ms885192	ee488022
DEBUGCHK	aa451062	ee488167
DEBUGLED	aa451064	ee488408
DEBUGMSG	aa451065	ee488430
DEBUGREGISTER, RETAILREGISTERZONES	aa451067	ee488796
DEBUGZONE	aa451070	ee488354
DEBUG_EVENT	ms885195	ee488558
DELETEITEMSTRUCT	aa452931	ee501470
DEVMODE	aa452943	ee506078
DIBSECTION	aa452953	ee503509
DISPLAY_DEVICE	aa452957	ee499040
DLGITEMTEMPLATE	aa452958	ee503177
DLGITEMTEMPLATEEX	aa452959	ee504110
DLGTEMPLATE	aa452960	ee504037
DLGTEMPLATEEX	aa452961	ee504551
DLL Functions	aa450708	-
DLL Structures	aa450738	-
DM_GETDEFID	aa452962	ee501934
DM_SETDEFID	aa452963	ee501770
DOCINFO	aa452964	ee502297
DRAWITEMSTRUCT	aa452974	ee501739
DataHandler	ms885191	ee488191
Date and Time Picker Styles	ms908197	ee503895
DebugActiveProcess	ms885193	ee488781
DebugBreak	ms885194	ee488413
Debugging Functions	aa450702	-
Debugging Macros	ms887725	-
Debugging Structures	aa450706	-
DefDlgProc	ms908209	ee499719
DefWindowProc	aa452929	ee503409
DeferWindowPos	ms908210	ee500478
DeleteAndRenameFile	ms887981	ee489617
DeleteCriticalSection	ms885196	ee488901
DeleteDC	aa452930	ee502851
DeleteFiber	ms885197	ee488154
DeleteFile	ms889001	ee490038
DeleteHandler	ms885198	ee488399
DeleteMenu	aa452932	ee504306
DeleteObject	aa452933	ee503315
DeleteTicket	ms885199	ee488574
DestroyAcceleratorTable	aa452935	ee500521
DestroyCaret	aa452936	ee499400
DestroyIcon	aa452938	ee505704
DestroyMenu	aa452940	ee505063
DestroyWindow	aa452942	ee501955
DialogBox	aa452947	ee505643
DialogBoxIndirect	aa452948	ee500191
DialogBoxIndirectParam	aa452949	ee502860
DialogBoxParam	aa452950	ee502598
DialogProc	aa452951	ee504362
DisableThreadLibraryCalls	ms885200	ee487996
DisassociateSession	ms885201	ee488779
DispatchMessage	aa452956	ee500517
DllMain	ms885202	ee488450
DrawEdge	aa452968	ee501983
DrawFocusRect	aa452969	ee500893
DrawFrameControl	aa452970	ee503654
DrawIconEx	aa452972	ee506107
DrawMenuBar	aa452975	ee504537
DuplicateHandle	ms885208	ee488902
EM_CANUNDO	aa452998	ee504564
EM_CHARFROMPOS	aa453001	ee505025
EM_EMPTYUNDOBUFFER	aa453002	ee503116
EM_FMTLINES	aa453003	ee502582
EM_GETFIRSTVISIBLELINE	aa453004	ee503383
EM_GETLIMITTEXT	aa453005	ee504882
EM_GETLINE	aa453006	ee503210
EM_GETLINECOUNT	aa453007	ee500297
EM_GETMARGINS	aa453008	ee501766
EM_GETMODIFY	aa453009	ee503675
EM_GETPASSWORDCHAR	aa453010	ee505841
EM_GETRECT	aa453011	ee504105
EM_GETSEL	aa453012	ee503313
EM_LIMITTEXT	aa453013	ee503913
EM_LINEFROMCHAR	aa453014	ee503723
EM_LINEINDEX	aa453015	ee499664
EM_LINELENGTH	aa453016	ee504896
EM_LINESCROLL	aa453017	ee501961
EM_POSFROMCHAR	aa453018	ee499696
EM_REPLACESEL	aa453020	ee500147
EM_SCROLL	aa453021	ee504165
EM_SCROLLCARET	aa453022	ee499403
EM_SETLIMITTEXT	aa453023	ee499421
EM_SETMARGINS	aa453024	ee503961
EM_SETMODIFY	aa453025	ee502889
EM_SETPASSWORDCHAR	aa453026	ee502924
EM_SETREADONLY	aa453027	ee500448
EM_SETRECT	aa453028	ee505717
EM_SETRECTNP	aa453029	ee501418
EM_SETSEL	aa453030	ee504123
EM_SETTABSTOPS	aa453031	ee503176
EM_UNDO	aa453032	ee503101
EN_CHANGE	aa453036	ee500784
EN_ERRSPACE	aa453042	ee503705
EN_HSCROLL	aa453043	ee501909
EN_KILLFOCUS	aa453044	ee499374
EN_MAXTEXT	aa453045	ee505280
EN_SETFOCUS	aa453046	ee501087
EN_UPDATE	aa453053	ee503885
EN_VSCROLL	aa453054	ee503125
ERRORMSG	aa451079	ee488563
EXCEPTION_DEBUG_INFO	ms885214	ee488028
EXCEPTION_POINTERS	ms885215	ee488588
EXCEPTION_RECORD	ms885216	ee487973
EXIT_PROCESS_DEBUG_INFO	ms885218	ee488920
EXIT_THREAD_DEBUG_INFO	ms885220	ee487970
Edit Control Styles	aa452995	ee504833
EditSession	ms885211	ee488177
EditorDeregister	ms885209	ee487982
EditorInitialize	ms885210	ee487968
Ellipse	aa452997	ee502230
EmptyClipboard	aa453019	ee505658
EnableHardwareKeyboard	aa453033	ee501450
EnableMenuItem	aa453034	ee501426
EnableWindow	aa453035	ee504109
EndDeferWindowPos	aa453037	ee503902
EndDialog	aa453038	ee506301
EndDoc	aa453039	ee505837
EndPage	aa453040	ee505849
EndPaint	aa453041	ee499422
EnterCriticalSection	ms885212	ee488915
EnumCalendarInfo	ms904721	ee491359
EnumCalendarInfoProc	ms904722	ee491129
EnumClipboardFormats	aa453047	ee505881
EnumCodePagesProc	ms904723	ee491122
EnumDateFormats	ms904724	ee491363
EnumDateFormatsProc	ms904740	ee491531
EnumDisplayDevices	aa453048	ee504895
EnumDisplaySettings	aa453049	ee504298
EnumLocalesProc	ms904848	ee491185
EnumPropsEx	aa453050	ee503514
EnumSystemCodePages	ms905062	ee491962
EnumSystemLocales	ms905070	ee491192
EnumTimeFormats	ms905077	ee491332
EnumTimeFormatsProc	ms905083	ee491148
EnumWindows	aa453051	ee501060
EnumWindowsProc	aa453052	ee506170
EqualRect	aa453055	ee500525
EqualRgn	aa453056	ee504300
Error Functions	aa450739	-
EscapeCommFunction	ms885213	ee488402
Exception Functions	aa450741	-
Exception Structures	aa450743	-
ExcludeClipRect	aa453058	ee505422
ExitProcess	ms885217	ee488596
ExitThread	ms885219	ee488591
ExtCreateRegion	aa453061	ee501408
ExtEscape	aa453063	ee506103
ExtractIconEx	aa453065	ee503636
FILECHANGEINFO	ms889030	ee490403
FILETIME	ms885586	ee488581
FILE_NOTIFY_INFORMATION	ms889597	ee489743
FINDEX_INFO_LEVELS	ms889654	ee490216
FINDEX_SEARCH_OPS	ms889664	ee490608
FONTSIGNATURE	ms885597	ee488208
Fiber Functions	aa450744	-
FiberProc	ms885221	ee488613
File I/O Enumerations	aa516938	-
File I/O Functions	aa516939	-
File I/O Structures	aa516941	-
File Mapping Functions	aa516942	-
FileTimeToLocalFileTime	ms885589	ee488768
FileTimeToSystemTime	ms885593	ee488551
FillRect	aa453067	ee499094
FillRgn	aa453068	ee502289
FindClose	ms889619	ee489804
FindCloseChangeNotification	ms889625	ee489773
FindFirstChangeNotification	ms889670	ee490599
FindFirstFile	ms889678	ee489744
FindFirstFileEx	ms889683	ee490404
FindNextChangeNotification	ms889784	ee490370
FindNextFile	ms889873	ee490628
FindResource	aa453069	ee503121
FindWindow	aa453070	ee505735
FlushFileBuffers	ms890238	ee489770
FlushInstructionCache	ms885595	ee487964
FlushViewOfFile	ms890303	ee490145
FoldString	ms905209	ee491930
FormatMessage	ms885599	ee488376
Formatting Specifications	ms885600	ee488601
FreeLibrary	ms885601	ee488241
FreeLibraryAndExitThread	ms885602	ee488352
GET_FILEEX_INFO_LEVELS	ms890917	ee489792
GET_FOREGROUND_INFO	aa453186	ee502612
GRADIENT_RECT	aa453193	ee504211
GetACP	ms905215	ee491208
GetActiveWindow	ms929203	ee505710
GetAsyncKeyState	ms929204	ee504378
GetAsyncShiftFlags	aa453955	ee502834
GetBValue	ms929207	ee505880
GetBkColor	ms929205	ee499127
GetBkMode	ms929206	ee502613
GetCPInfo	ms905221	ee491373
GetCaretBlinkTime	ms929209	ee505236
GetCaretPos	ms929210	ee501385
GetClassInfo	ms929211	ee500575
GetClassLong	ms929212	ee502892
GetClassName	ms929213	ee499075
GetClientRect	ms929214	ee499340
GetClipBox	ms929219	ee501949
GetClipRgn	ms929221	ee504572
GetClipboardData	ms929215	ee500850
GetClipboardDataAlloc	ms929216	ee501066
GetClipboardFormatName	ms929217	ee503193
GetClipboardOwner	ms929218	ee501914
GetCommMask	ms885606	ee488193
GetCommModemStatus	ms885607	ee488617
GetCommProperties	ms885608	ee488603
GetCommState	ms885609	ee488362
GetCommTimeouts	ms885610	ee488240
GetCommandLine	ms885605	ee488561
GetCurrencyFormat	ms905229	ee491378
GetCurrentFT	aa451027	ee488383
GetCurrentFiber	ms885611	ee488624
GetCurrentObject	ms929223	ee505940
GetCurrentPositionEx	ms929224	ee501980
GetCurrentProcess	ms885613	ee488443
GetCurrentProcessId	ms885614	ee488631
GetCurrentThread	ms885615	ee488202
GetCurrentThreadId	ms885616	ee488409
GetDC	ms929227	ee499088
GetDCEx	ms929228	ee501177
GetDIBColorTable	ms929232	ee500282
GetDateFormat	ms905235	ee491714
GetDesktopWindow	ms929229	ee504867
GetDeviceCaps	ms929230	ee503230
GetDialogBaseUnits	ms929231	ee499648
GetDiskFreeSpaceEx	ms890887	ee490421
GetDlgCtrlID	ms929233	ee505952
GetDlgItem	ms929234	ee500513
GetDlgItemInt	ms929235	ee500607
GetDlgItemText	ms929236	ee506059
GetDllVersion	ms885617	ee488161
GetExceptionCode	ms885620	ee488042
GetExceptionInformation	ms885621	ee488612
GetExitCodeProcess	ms885622	ee488446
GetExitCodeThread	ms885623	ee488756
GetFiberData	ms885624	ee488921
GetFileAttributes	ms890895	ee489560
GetFileAttributesEx	ms890909	ee490758
GetFileInformationByHandle	ms890926	ee489735
GetFileSize	ms890939	ee490353
GetFileTime	ms885625	ee487950
GetFileVersionInfo	ms890951	ee489818
GetFileVersionInfoSize	ms890963	ee489808
GetFocus	ms929240	ee502865
GetForegroundInfo	ms929241	ee504647
GetForegroundKeyboardLayoutHandle	ms929242	ee500141
GetForegroundKeyboardTarget	ms929243	ee502570
GetForegroundWindow	ms929244	ee503376
GetGValue	ms929246	ee502875
GetIconInfo	ms929247	ee504094
GetIdleTime	ms885626	ee488013
GetKeyState	aa453132	ee503615
GetKeyboardLayout	ms929249	ee504086
GetKeyboardLayoutList	ms929250	ee506264
GetKeyboardLayoutName	ms929252	ee501752
GetKeyboardStatus	ms929253	ee500258
GetKeyboardType	ms929254	ee505022
GetLastError	ms885627	ee488182
GetLayout	aa453133	ee500452
GetLocalTime	ms885628	ee487966
GetLocaleInfo	ms905243	ee491708
GetMenuItemInfo	aa453134	ee505664
GetMessage	aa453135	ee503715
GetMessagePos	aa453136	ee501753
GetMessageQueueReadyTimeStamp	aa453137	ee506134
GetMessageSource	aa453138	ee504356
GetModuleFileName	ms885629	ee488356
GetModuleHandle	ms885630	ee487994
GetModuleInformation	ms885631	ee488196
GetMsgQueueInfo	ms885632	ee488429
GetNearestColor	aa453140	ee506255
GetNearestPaletteIndex	aa453141	ee501123
GetNextDlgGroupItem	aa453145	ee505040
GetNextDlgTabItem	aa453146	ee499080
GetNumberFormat	ms905250	ee490917
GetOEMCP	ms905256	ee491929
GetObject	aa453147	ee506071
GetObjectType	aa453148	ee499386
GetOpenClipboardWindow	aa453149	ee503207
GetOutlineTextMetrics	ms933897	ee502871
GetPaletteEntries	aa453151	ee502303
GetParent	aa453152	ee501080
GetPixel	aa453153	ee504020
GetPriorityClipboardFormat	aa453154	ee505514
GetProcAddress	ms885634	ee488623
GetProcessHeap	ms885635	ee488912
GetProcessVersion	ms885636	ee488575
GetProp	aa453155	ee499391
GetQueueStatus	aa453156	ee503606
GetROP2	aa453160	ee501104
GetRValue	aa453161	ee502900
GetRegionData	aa453157	ee505860
GetRgnBox	aa453159	ee504142
GetScrollInfo	aa453163	ee504048
GetStockObject	aa453164	ee505070
GetStoreInformation	ms891023	ee490015
GetStretchBltMode	aa453165	ee504329
GetStringTypeEx	ms905283	ee491630
GetStringTypeW	ms905272	ee490929
GetSubMenu	aa453166	ee505084
GetSysColor	aa453167	ee505488
GetSysColorBrush	aa453168	ee501395
GetSystemDefaultLCID	ms905298	ee491972
GetSystemDefaultLangID	ms905289	ee491785
GetSystemInfo	ms885638	ee488900
GetSystemMenu	aa453169	ee505863
GetSystemMetrics	aa453170	ee499415
GetSystemPaletteEntries	aa453171	ee503127
GetSystemPowerStatusEx	aa453172	ee500626
GetSystemPowerStatusEx2	aa453173	ee505675
GetSystemTime	ms885640	ee488017
GetTempFileName	ms891186	ee489761
GetTempPath	ms891189	ee489558
GetThreadContext	ms885642	ee488046
GetThreadPriority	ms885643	ee488168
GetThreadTimes	ms885644	ee487997
GetTickCount	ms885645	ee487985
GetTimeFormat	ms905310	ee491547
GetTimeZoneInformation	ms885646	ee488172
GetUpdateRect	aa453174	ee501189
GetUpdateRgn	aa453175	ee500868
GetUserDefaultLCID	ms905323	ee491727
GetUserDefaultLangID	ms905315	ee491635
GetUserNameEx	aa517595	ee489621
GetVersionEx	ms885648	ee488165
GetViewportExtEx	aa453949	ee505861
GetViewportOrgEx	aa453950	ee504872
GetWindow	aa453178	ee506081
GetWindowDC	aa453179	ee500451
GetWindowExtEx	aa453951	ee501438
GetWindowLong	aa453180	ee504521
GetWindowOrgEx	aa453952	ee501951
GetWindowRect	aa453181	ee502589
GetWindowRgn	aa453182	ee505457
GetWindowText	aa453183	ee506164
GetWindowTextLength	aa453184	ee504202
GetWindowThreadProcessId	aa453185	ee505723
GlobalAddAtom	aa453188	ee506286
GlobalDeleteAtom	aa453189	ee504119
GlobalFindAtom	aa453190	ee501431
GlobalMemoryStatus	ms885649	ee488170
GradientFill	aa453192	ee499729
HEAPENTRY32	ms885658	ee488609
HEAPLIST32	ms885660	ee488401
Header Control Styles	ms929910	ee499044
Heap32First	ms885650	ee487960
Heap32ListFirst	ms885651	ee488906
Heap32ListNext	ms885652	ee488180
Heap32Next	ms885653	ee488032
HeapAlloc	ms885654	ee488197
HeapCompact	ms885655	ee488005
HeapCreate	ms885656	ee488381
HeapDestroy	ms885657	ee488651
HeapFree	ms885659	ee488228
HeapReAlloc	ms885661	ee488385
HeapSize	ms885662	ee488405
HeapValidate	ms885663	ee488778
HideCaret	ms929930	ee503185
IMAGEINFO (Graphics, Windowing and Events)	ms909781	ee504824
IMAGELISTDRAWPARAMS	ms909819	ee504136
INDEXTOOVERLAYMASK	ms909843	ee502218
INPUT	ms909851	ee506044
IPRcvBuf	ms885685	ee488023
IP_NAT_DIRECTION	ms885682	ee488393
IP_NAT_REGISTER_EDITOR	ms885683	ee488577
IP_NAT_SESSION_MAPPING_STATISTICS	ms885684	ee488635
ImageList_Add	ms909786	ee502231
ImageList_AddIcon	ms909790	ee504543
ImageList_AddMasked	ms909795	ee503446
ImageList_BeginDrag	ms909799	ee500766
ImageList_Copy	ms909805	ee499691
ImageList_Create	ms909810	ee500447
ImageList_Destroy	ms909811	ee501989
ImageList_DragEnter	ms909812	ee505711
ImageList_DragLeave	ms909813	ee501729
ImageList_DragMove	ms909814	ee503204
ImageList_DragShowNolock	ms909815	ee501254
ImageList_Draw	ms909816	ee502905
ImageList_DrawEx	ms909817	ee506293
ImageList_DrawIndirect	ms909818	ee504032
ImageList_Duplicate	ms909820	ee502893
ImageList_EndDrag	ms909821	ee499743
ImageList_ExtractIcon	ms909822	ee503909
ImageList_GetBkColor	ms909823	ee501730
ImageList_GetDragImage	ms909824	ee500265
ImageList_GetIcon	ms909825	ee506299
ImageList_GetIconSize	ms909826	ee503580
ImageList_GetImageCount	ms909827	ee504304
ImageList_GetImageInfo	ms909828	ee499663
ImageList_LoadBitmap	ms909829	ee504299
ImageList_LoadImage	ms909830	ee504385
ImageList_Merge	ms909831	ee503132
ImageList_Remove	ms909832	ee506284
ImageList_RemoveAll	ms909833	ee504892
ImageList_Replace	ms909834	ee504557
ImageList_ReplaceIcon	ms909835	ee500224
ImageList_SetBkColor	ms909836	ee504889
ImageList_SetDragCursorImage	ms909837	ee503586
ImageList_SetIconSize	ms909838	ee500889
ImageList_SetImageCount	ms909839	ee501924
ImageList_SetOverlayImage	ms909840	ee506087
InSendMessage	ms909852	ee505296
InflateRect	ms909847	ee501937
InitializeCriticalSection	ms885665	ee488434
InsertMenu	ms909853	ee502866
InterlockedCompareExchange	ms885667	ee488207
InterlockedCompareExchangePointer	ms885668	ee487958
InterlockedDecrement	ms885669	ee488204
InterlockedExchange	ms885670	ee488427
InterlockedExchangeAdd	ms885671	ee488632
InterlockedExchangePointer	ms885672	ee488192
InterlockedIncrement	ms885673	ee488178
InterlockedTestExchange	ms885674	ee488428
IntersectClipRect	ms909855	ee502890
IntersectRect	ms909856	ee500197
InvalidateRect	ms909857	ee505051
InvalidateRgn	ms909858	ee502864
InvertRect	ms909859	ee503209
IsBadCodePtr	ms885687	ee488573
IsBadReadPtr	ms885688	ee488585
IsBadWritePtr	ms885689	ee488361
IsCharAlpha	ms885690	ee488793
IsCharAlphaNumeric	ms885691	ee487949
IsCharLower	ms885692	ee487984
IsCharUpper	ms885693	ee488199
IsChild	ms909862	ee500846
IsClipboardFormatAvailable	ms909863	ee501144
IsDBCSLeadByte	ms886515	ee487962
IsDBCSLeadByteEx	ms886608	ee488433
IsDialogMessage	ms909864	ee500858
IsDlgButtonChecked	ms909866	ee499082
IsProcessorFeaturePresent	ms886726	ee488016
IsRectEmpty	ms909894	ee506063
IsValidCodePage	ms906218	ee491608
IsValidLocale	ms906219	ee491935
IsWindow	aa453233	ee502316
IsWindowEnabled	aa453234	ee505428
IsWindowVisible	aa453235	ee504915
KEYBDINPUT	aa453247	ee504819
KeybdGetDeviceInfo	aa453246	ee504822
KillTimer	aa453248	ee505654
LBN_DBLCLK	aa453273	ee505854
LBN_ERRSPACE	aa453274	ee500763
LBN_KILLFOCUS	aa453275	ee501959
LBN_SELCANCEL	aa453276	ee503963
LBN_SELCHANGE	aa453277	ee504288
LBN_SETFOCUS	aa453278	ee502896
LB_ADDSTRING	aa453251	ee500161
LB_DELETESTRING	aa453252	ee502901
LB_FINDSTRING	aa453253	ee505683
LB_FINDSTRINGEXACT	aa453254	ee499658
LB_GETANCHORINDEX	aa453255	ee502917
LB_GETCARETINDEX	aa453256	ee505268
LB_GETCOUNT	aa453257	ee504855
LB_GETCURSEL	aa453258	ee504323
LB_GETHORIZONTALEXTENT	aa453259	ee502001
LB_GETITEMDATA	aa453260	ee502241
LB_GETITEMHEIGHT	aa453261	ee505483
LB_GETITEMRECT	aa453262	ee500214
LB_GETLOCALE	aa453263	ee504908
LB_GETSEL	aa453264	ee501125
LB_GETSELCOUNT	aa453265	ee506055
LB_GETSELITEMS	aa453266	ee505228
LB_GETTEXT	aa453267	ee501398
LB_GETTEXTLEN	aa453268	ee499369
LB_GETTOPINDEX	aa453269	ee503195
LB_INITSTORAGE	aa453270	ee504335
LB_INSERTSTRING	aa453271	ee504297
LB_ITEMFROMPOINT	aa453272	ee499424
LB_RESETCONTENT	aa453279	ee506303
LB_SELECTSTRING	aa453280	ee504881
LB_SELITEMRANGE	aa453281	ee502006
LB_SELITEMRANGEEX	aa453282	ee500895
LB_SETANCHORINDEX	aa453283	ee505302
LB_SETCARETINDEX	aa453284	ee500208
LB_SETCOLUMNWIDTH	aa453285	ee503149
LB_SETCURSEL	aa453286	ee503738
LB_SETHORIZONTALEXTENT	aa453287	ee501451
LB_SETITEMDATA	aa453288	ee506123
LB_SETITEMHEIGHT	aa453289	ee504149
LB_SETLOCALE	aa453290	ee499410
LB_SETSEL	aa453291	ee505219
LB_SETTABSTOPS	aa453292	ee499115
LB_SETTOPINDEX	aa453293	ee503399
LCMapString	ms906221	ee491201
LCTYPE Constants	ms906223	ee491958
LOAD_DLL_DEBUG_INFO	ms886734	ee488203
LOGBRUSH	aa453418	ee503661
LOGPALETTE	aa453419	ee505709
LOGPEN	aa453420	ee502585
Language Identifiers and Locales	ms903928	ee491651
LeaveCriticalSection	ms886733	ee488246
LineTo	aa453296	ee505695
List Box Styles	aa453299	ee501958
List View Styles	aa453379	ee505098
LoadAccelerators	aa453407	ee504316
LoadBitmap	aa453409	ee504579
LoadIcon	aa453411	ee499345
LoadImage	aa453413	ee505907
LoadKeyboardLayout	aa453414	ee500167
LoadLibrary	ms886736	ee488148
LoadLibraryEx	ms886737	ee488215
LoadMenu	aa453415	ee501468
LoadResource	aa453416	ee505293
LoadString	ms886738	ee488763
LocalAlloc	ms886739	ee487963
LocalFileTimeToFileTime	ms886740	ee487989
LocalFree	ms886741	ee488030
LocalReAlloc	ms886742	ee488426
LocalSize	ms886743	ee488019
LockFileEx	ms891385	ee489737
LockResource	aa453417	ee502002
LogConnectionCreation	ms886745	ee488586
LogConnectionDeletion	ms886746	ee488387
LogDroppedPacket	ms886747	ee488367
LogInit	ms886748	ee488567
MAKEINTRESOURCE	aa453542	ee501178
MAKELANGID	ms906225	ee491561
MAKELCID	ms906226	ee491150
MAKELPARAM	aa453543	ee505062
MAKELRESULT	ms911640	ee501245
MAKEWPARAM	ms911780	ee499034
MAPHEADER	ms886750	ee488608
MEASUREITEMSTRUCT	ms911820	ee503680
MEMORYSTATUS	ms886753	ee488368
MEMORY_BASIC_INFORMATION	ms886752	ee488437
MENUITEMINFO	ms911822	ee502561
MODULEENTRY32	ms886756	ee488045
MODULEINFO	ms886757	ee488924
MOUSEINPUT	ms931454	ee504560
MSGQUEUEINFO	ms886758	ee487993
MSGQUEUEOPTIONS	ms886759	ee488171
MapDialogRect	ms911788	ee503734
MapViewOfFile	ms891386	ee490226
MapVirtualKey	ms911789	ee503996
MapWindowPoints	ms911790	ee501159
MaskBlt	ms911792	ee505239
Memory Management Functions	aa450751	-
Memory Management Structures	aa450753	-
Message Box Styles	ms911829	ee502245
Message Queue Point-to-Point Functions	aa450754	-
Message Queue Point-to-Point Structures	aa450756	-
MessageBeep	ms911826	ee506099
MessageBox	ms911827	ee503608
Module32First	ms886754	ee488610
Module32Next	ms886755	ee488238
Month Calendar Control Styles	ms931430	ee505077
MoveFile	ms891388	ee490016
MoveToEx	ms931457	ee503724
MoveWindow	ms931458	ee502616
MsgWaitForMultipleObjects	ms931460	ee499430
MsgWaitForMultipleObjectsEx	ms931461	ee505033
MultiByteToWideChar	ms886760	ee488225
NKDbgPrintfW	aa451081	ee488771
NTE error codes	aa451033	ee488369
NUMBERFMT	ms906228	ee491766
National Language Support (NLS) Functions	ms904415	-
National Language Support (NLS) Macros	ms904406	-
National Language Support (NLS) Structures	ms904614	-
National Language support (NLS) Locale Identifiers	ms906224	-
Net Errors - Alphabetical Order	ms886761	ee488355
Net Errors - Numerical Order	ms886762	ee487980
Network Address Translation Functions	aa450757	-
Network Address Translation Structures	aa450759	-
Non-client Area Styles	ms911872	ee506097
OSVERSIONINFO	ms886768	ee488619
OUTLINETEXTMETRICW	ms934025	ee505879
OUTPUT_DEBUG_STRING_INFO	ms886770	ee488772
OVERLAPPED	ms891422	ee490367
OffsetRect	ms911891	ee504901
OffsetRgn	ms911892	ee501910
OffsetViewportOrgEx	aa453953	ee504540
OpenClipboard	ms911905	ee503328
OpenEvent	ms886764	ee488185
OpenMsgQueue	ms886765	ee488036
OpenProcess	ms886766	ee488418
OutputDebugString	ms886769	ee488209
PAINTSTRUCT	ms911912	ee499378
PALETTEENTRY	ms911913	ee504876
POINT	ms911930	ee504157
POINTS	ms911931	ee503619
PRIMARYLANGID	ms906230	ee491738
PROCESSENTRY32	ms886774	ee488007
PROCESS_INFORMATION	ms886775	ee488245
PatBlt	ms911916	ee503352
PeekMessage	ms911928	ee502843
Polygon	ms911933	ee505249
Polyline	ms911934	ee501424
PostKeybdMessage	ms911936	ee501918
PostMessage	ms911937	ee505901
PostQuitMessage	ms911938	ee504315
PostThreadMessage	ms911939	ee506038
Process and Thread Functions	aa450760	-
Process and Thread Structures	aa450762	-
Process32First	ms886772	ee488156
Process32Next	ms886773	ee488794
Progress Bar Styles	aa453546	ee499649
PropEnumProcEx	aa453551	ee500149
PtInRect	aa453601	ee505698
PtInRegion	aa453602	ee503452
PulseEvent	ms886784	ee488021
PurgeComm	ms886785	ee488020
Push Button Styles	aa453604	ee501475
QueryInfoSession	ms886786	ee488157
QueryInstructionSet	ms886787	ee488150
QueryPerformanceCounter	ms886788	ee488415
QueryPerformanceFrequency	ms886789	ee488620
RAS Error Values	ms886792	ee488627
RECT	ms912843	ee499335
RECTL	ms913063	ee500544
RETAILLED	aa451085	ee488432
RETAILMSG	aa451087	ee488919
RGBQUAD	ms939815	ee503753
RGBTRIPLE	ms939824	ee500218
RGNDATA	ms939837	ee500234
RGNDATAHEADER	ms939847	ee499122
Radio Button Styles	aa453607	ee505912
RaiseException	ms886790	ee488557
Random	ms886791	ee487948
ReadFile	ms891445	ee489594
ReadMsgQueue	ms886793	ee488410
ReadProcessMemory	ms886794	ee488931
RealizePalette	aa453638	ee499061
Rebar Styles	aa453641	ee502314
RectInRegion	ms913051	ee505688
RectVisible	ms913070	ee504305
Rectangle	ms912947	ee505883
RedrawWindow	ms913080	ee503183
RegCloseKey	ms891448	ee489566
RegCreateKeyEx	ms891450	ee490393
RegDeleteKey	ms891451	ee489528
RegDeleteValue	ms891452	ee490238
RegEnumKeyEx	ms891453	ee490030
RegEnumValue	ms891454	ee489970
RegFlushKey	ms891455	ee490431
RegOpenKeyEx	ms891460	ee489985
RegQueryInfoKey	ms891461	ee490425
RegQueryValueEx	ms891462	ee490180
RegSetValueEx	ms891469	ee490645
RegisterClass	ms913089	ee506270
RegisterClipboardFormat	ms913094	ee506040
RegisterDbgZones	aa451083	ee488024
RegisterEditor	ms886796	ee488599
RegisterHotKey	ms913104	ee502597
RegisterWindowMessage	ms939737	ee503986
Registry Functions	aa516952	-
Registry Notification Functions	ms891456	-
ReleaseDC	ms939760	ee500245
ReleaseMutex	ms886797	ee488152
ReleaseSemaphore	ms886798	ee488572
RemoveDirectory	ms891470	ee490356
RemoveMenu	ms939775	ee503476
RemoveProp	ms939781	ee500897
ReportFault	ms886799	ee488765
ResetEvent	ms886800	ee487974
RestoreDC	ms939800	ee500251
ResumeThread	ms886801	ee488648
RoundRect	ms939867	ee500905
SIZE	ms940344	ee505301
STM_GETIMAGE	ms940366	ee503757
STM_SETIMAGE	ms940367	ee499348
STN_CLICKED	ms940368	ee506100
STN_DISABLE	ms940369	ee501781
STN_ENABLE	ms940370	ee504016
STORE_INFORMATION	ms891279	ee488452
STYLESTRUCT	ms940380	ee503374
SUBLANGID	ms906441	ee491948
SYSTEMTIME	aa450923	ee488248
SYSTEM_INFO	aa450921	ee488780
SYSTEM_POWER_STATUS_EX	ms940384	ee505043
SYSTEM_POWER_STATUS_EX2	ms940385	ee499341
SaveDC	ms939894	ee501223
ScreenToClient	ms932582	ee503589
Scroll Bar Styles	ms932612	ee505682
ScrollDC	ms932696	ee499718
ScrollWindowEx	ms932713	ee500480
SecureZeroMemory	ms886803	ee488421
SelectClipRgn	ms932714	ee502828
SelectObject	ms932715	ee506271
SelectPalette	ms932716	ee501382
SendDlgItemMessage	ms932717	ee501193
SendInput	ms932719	ee505708
SendMessage	ms939980	ee504840
SendMessageTimeout	ms939981	ee499352
SendNotifyMessage	ms939983	ee500168
Serial Communications Functions	aa450763	-
Serial Communications Structures	aa450765	-
SetAbortProc	ms939985	ee502926
SetActiveWindow	ms939986	ee504615
SetBitmapBits	ms939987	ee499432
SetBkColor	ms939988	ee506089
SetBkMode	ms939989	ee499678
SetBrushOrgEx	ms940010	ee505889
SetCaretBlinkTime	ms940012	ee505058
SetCaretPos	ms940013	ee502546
SetClassLong	ms940014	ee504860
SetClipboardData	ms940015	ee504536
SetCommBreak	ms886804	ee488578
SetCommMask	ms886805	ee488916
SetCommState	ms886806	ee487991
SetCommTimeouts	ms886807	ee488388
SetDIBColorTable	ms940018	ee502593
SetDIBitsToDevice	ms940019	ee503196
SetDaylightTime	ms886808	ee488917
SetDlgItemInt	ms940020	ee504580
SetDlgItemText	ms940021	ee499688
SetEndOfFile	ms891916	ee490369
SetEvent	ms886810	ee488785
SetFileAttributes	ms891925	ee490205
SetFilePointer	ms891933	ee490790
SetFileTime	ms886812	ee488233
SetFocus	ms940023	ee501059
SetForegroundWindow	ms940024	ee505432
SetLastError	ms886817	ee487957
SetLayout	ms940026	ee503626
SetLocalTime	ms886818	ee488183
SetLocaleInfo	ms906277	ee491893
SetMenuItemInfo	ms940027	ee503422
SetPaletteEntries	ms940028	ee503899
SetParent	aa453645	ee505900
SetPixel	aa453646	ee503104
SetProp	aa453647	ee504325
SetROP2	aa453651	ee505650
SetRect	aa453648	ee502266
SetRectEmpty	aa453649	ee504846
SetRectRgn	aa453650	ee505099
SetScrollInfo	aa453652	ee503641
SetScrollPos	aa453653	ee503730
SetScrollRange	aa453654	ee501477
SetStretchBltMode	aa453655	ee501241
SetSysColors	aa453656	ee501233
SetSystemTime	aa450867	ee488615
SetThreadContext	aa450889	ee487947
SetThreadPriority	aa450891	ee488350
SetTimeZoneInformation	aa450893	ee488386
SetTimer	aa453657	ee502602
SetUserDefaultLCID	ms906279	ee491343
SetViewportOrgEx	aa453660	ee500818
SetWindowLong	aa453661	ee501419
SetWindowOrgEx	aa453954	ee505638
SetWindowPos	aa453662	ee499098
SetWindowRgn	aa453663	ee501413
SetWindowText	aa453664	ee501199
SetupComm	aa450896	ee488358
ShowCaret	aa453729	ee502542
ShowWindow	aa453731	ee499640
SignalStarted	aa450898	ee488242
SizeofResource	ms940346	ee504352
Sleep	aa450900	ee488158
StartDoc	ms940349	ee505661
StartPage	ms940350	ee502541
Static Control Styles	ms940359	ee505845
StretchBlt	ms940373	ee504535
StretchDIBits	ms940374	ee502921
String	aa450907	ee488753
StringFileInfo	aa450909	ee488169
StringTable	aa450911	ee488384
Strings Functions	aa450766	-
SubtractRect	ms940381	ee504025
SuspendThread	aa450913	ee488373
SwitchToFiber	aa450915	ee488422
Synchronization Functions	aa450749	-
System Errors - Alphabetical Order	aa450917	ee487988
System Errors - Numerical Order	aa450919	ee488398
System Management Functions	aa450768	-
System Management Structures	aa450770	-
SystemIdleTimerReset	ms940382	ee502574
SystemParametersInfo	ms940383	ee499131
SystemTimeToFileTime	aa450925	ee488792
TEXT	aa450932	ee487976
THREADENTRY32	aa450938	ee488795
TIME_ZONE_INFORMATION	aa450943	ee488576
TPMPARAMS	aa453766	ee500588
TRIVERTEX	aa453818	ee504868
TRUST Error Codes	aa451035	ee488436
Tab Control Styles	ms940386	ee505852
TerminateProcess	aa450927	ee488378
TerminateThread	aa450930	ee488176
Ternary Raster Operations	aa452783	ee501409
Thread32First	aa450934	ee488375
Thread32Next	aa450936	ee487953
ThreadProc	aa450940	ee488554
Time Functions	aa450771	-
Time Structures	aa450773	-
TimeoutSession	aa450941	ee488438
TimerProc	aa453746	ee505677
TlsAlloc	aa450945	ee488159
TlsFree	aa450947	ee488903
TlsGetValue	aa450949	ee488590
TlsSetValue	aa450951	ee488026
ToolHelp Functions	aa450774	-
ToolHelp Structures	aa450776	-
ToolTip Styles	aa453759	ee502891
Toolbar Styles	aa453749	ee505463
Toolhelp32ReadProcessMemory	aa450953	ee488417
TrackPopupMenu	aa453773	ee503594
TrackPopupMenuEx	aa453774	ee504060
Trackbar Control Styles	aa453767	ee502608
TranslateAccelerator	aa453775	ee500503
TranslateCharsetInfo	aa450955	ee487979
TranslateMessage	aa453776	ee502837
TransmitCommChar	aa450957	ee488400
TransparentBlt	aa453778	ee500253
TransparentImage	aa453779	ee499350
Tree View Styles	aa453817	ee502852
TryEnterCriticalSection	aa450959	ee488592
UNLOAD_DLL_DEBUG_INFO	aa450963	ee488907
Unicode Functions	aa450778	-
Unicode Macros	aa450779	-
Unicode Structures	aa450781	-
UnionRect	ms914081	ee499433
UnlockFileEx	ms892364	ee490757
UnmapViewOfFile	ms892373	ee490630
UnregisterClass	ms914082	ee499426
UnregisterHotKey	ms914083	ee504859
Up-down Control Styles	ms914086	ee504056
UpdateWindow	ms914085	ee501696
VIDEOPARAMETERS	ms914096	ee502855
VS_FIXEDFILEINFO	aa450983	ee488004
VS_VERSIONINFO	aa450984	ee488187
ValidateRect	ms914091	ee502605
ValidateRgn	ms914092	ee505903
Var	aa450969	ee488649
VarFileInfo	aa450972	ee488583
VerQueryValue	aa450973	ee488392
VirtualAlloc	aa450975	ee488564
VirtualFree	aa450979	ee488784
VirtualProtect	aa450980	ee488353
VirtualQuery	aa450981	ee488918
WIN32_FILE_ATTRIBUTE_DATA	ms892377	ee489644
WIN32_FIND_DATA	ms892378	ee489924
WINDOWPOS	ms914101	ee501783
WM_ACTIVATE	ms914105	ee502533
WM_CANCELMODE	ms914108	ee499379
WM_CHAR	ms914110	ee499076
WM_CLEAR	ms914113	ee503655
WM_CLOSE	ms914114	ee503214
WM_COMMAND	ms914115	ee503387
WM_CONTEXTMENU	ms914116	ee502540
WM_COPY	ms914117	ee504380
WM_COPYDATA	aa453921	ee506246
WM_CREATE	ms914118	ee505447
WM_CTLCOLORBTN	ms914119	ee504523
WM_CTLCOLORDLG	aa453847	ee499647
WM_CTLCOLOREDIT	aa453848	ee503430
WM_CTLCOLORLISTBOX	aa453849	ee504886
WM_CTLCOLORSTATIC	aa453851	ee502610
WM_CUT	aa453852	ee506101
WM_DELETEITEM	aa453853	ee501957
WM_DESTROY	aa453854	ee501771
WM_DRAWITEM	aa453855	ee505834
WM_ENABLE	aa453856	ee502850
WM_ENTERMENULOOP	aa453857	ee499673
WM_ERASEBKGND	aa453858	ee506254
WM_EXITMENULOOP	aa453859	ee503325
WM_GETDLGCODE	aa453861	ee500227
WM_GETTEXT	aa453864	ee505670
WM_GETTEXTLENGTH	aa453865	ee505257
WM_HOTKEY	aa453868	ee505258
WM_INITDIALOG	aa453871	ee505663
WM_INITMENUPOPUP	aa453872	ee500181
WM_KEYDOWN	aa453873	ee499052
WM_KEYUP	aa453876	ee502264
WM_KILLFOCUS	aa453877	ee501384
WM_MEASUREITEM	aa453883	ee503711
WM_MENUCHAR	aa453884	ee500164
WM_MOVE	aa453887	ee499342
WM_NEXTDLGCTL	aa453889	ee503433
WM_PAINT	aa453891	ee505047
WM_PALETTECHANGED	aa453892	ee501482
WM_PASTE	aa453893	ee503189
WM_QUERYNEWPALETTE	aa453894	ee501995
WM_QUIT	aa453895	ee503194
WM_RENDERALLFORMATS	aa453898	ee503187
WM_RENDERFORMAT	aa453899	ee501247
WM_SETFOCUS	aa453901	ee501183
WM_SETREDRAW	aa453904	ee501732
WM_SETTEXT	aa453905	ee505426
WM_SIZE	aa453907	ee506110
WM_STYLECHANGED	aa453908	ee505715
WM_SYSCHAR	aa453909	ee504516
WM_SYSCOLORCHANGE	aa453910	ee503622
WM_SYSCOMMAND	aa453911	ee503138
WM_SYSCOPYDATA	aa453912	ee500595
WM_SYSDEADCHAR	aa453913	ee501414
WM_SYSKEYDOWN	aa453914	ee504532
WM_SYSKEYUP	aa453915	ee504562
WM_UNDO	aa453917	ee503910
WM_WINDOWPOSCHANGED	aa453920	ee505095
WaitCommEvent	aa450985	ee488449
WaitForDebugEvent	aa450986	ee488758
WaitForMultipleObjects	aa450987	ee487972
WaitForSingleObject	aa450988	ee488762
WideCharToMultiByte	aa450989	ee488911
WinMain	ms914104	ee499679
WindowFromPoint	ms914099	ee499070
WindowProc	ms914102	ee499079
WriteDebugLED	aa450990	ee487992
WriteFile	ms892380	ee490774
WriteMsgQueue	aa450991	ee488786
WriteProcessMemory	aa450992	ee488243
keybd_event	aa453245	ee504289
wsprintf	aa450993	ee487981
wvsprintf	aa450994	ee488164
